iteration,label,accuracy,precision,recall,f1,roc_auc
0,baseline,0.95625,1.0,0.20454545454545456,0.33962264150943394,0.8949915824915824
