iteration,label,accuracy,precision,recall,f1,roc_auc,synthetic_added,total_train_size
0,baseline,0.95625,1.0,0.20454545454545456,0.33962264150943394,0.8949915824915824,,
1,iter_1,0.9525,0.6875,0.25,0.36666666666666664,0.8675294612794613,1140.0,4340.0
2,iter_2,0.95375,0.7692307692307693,0.22727272727272727,0.3508771929824561,0.8771945646945648,1140.0,5480.0
3,iter_3,0.9475,0.55,0.25,0.34375,0.8612914862914863,1140.0,6620.0
4,iter_4,0.94625,0.5238095238095238,0.25,0.3384615384615385,0.8677849927849928,1140.0,7760.0
5,iter_5,0.9475,0.5454545454545454,0.2727272727272727,0.36363636363636365,0.8568722943722944,1140.0,8900.0
6,iter_6,0.94625,0.5238095238095238,0.25,0.3384615384615385,0.8234126984126986,1140.0,10040.0
7,iter_7,0.94125,0.44,0.25,0.3188405797101449,0.8282527657527657,1140.0,11180.0
